id,username,token,funds,payment_terms
1,jannikarlsson,NULL,800,prepaid
2,fahlstrm,NULL,1000,invoice
3,datalowe,NULL,300,prepaid
4,joki20,NULL,450,invoice
5,mosbth,NULL,600,prepaid
6,blongmore0,NULL,1900,prepaid
7,minsworth1,NULL,600,invoice
8,lsemeniuk2,NULL,700,prepaid
9,bgeindre3,NULL,1500,invoice
10,lsams4,NULL,1500,prepaid
11,crowling5,NULL,1100,prepaid
12,sschruyers6,NULL,1900,invoice
13,leilhersen7,NULL,1400,prepaid
14,dcollingdon8,NULL,1200,invoice
15,dclopton9,NULL,600,prepaid
16,gconnichiea,NULL,600,prepaid
17,aletteresseb,NULL,1500,invoice
18,tconradiec,NULL,1000,prepaid
19,tbenzingd,NULL,1700,invoice
20,lhoworthe,NULL,2000,prepaid
21,cmattissonf,NULL,800,prepaid
22,eantoniasg,NULL,2000,invoice
23,pgommeryh,NULL,800,prepaid
24,cgarthshorei,NULL,600,invoice
25,kdeavallj,NULL,900,prepaid
26,gleiferk,NULL,800,prepaid
27,kwimpennyl,NULL,1700,invoice
28,pbeadmanm,NULL,1300,prepaid
29,epopovn,NULL,1000,invoice
30,rmaccougheno,NULL,1000,prepaid
31,vkunischp,NULL,800,prepaid
32,dbrownseaq,NULL,1900,invoice
33,egarrandr,NULL,1100,prepaid
34,pmuschettes,NULL,600,invoice
35,ppersencet,NULL,800,prepaid
36,btribellu,NULL,1500,prepaid
37,vwattinsv,NULL,500,invoice
38,bparmenterw,NULL,1500,prepaid
39,mkeeneyx,NULL,600,invoice
40,lkettlestingy,NULL,700,prepaid
41,bcroutearz,NULL,1600,prepaid
42,sadin10,NULL,1900,invoice
43,syewdell11,NULL,1400,prepaid
44,fmccard12,NULL,1600,invoice
45,nbaude13,NULL,500,prepaid
46,ijesteco14,NULL,600,prepaid
47,dterran15,NULL,1800,invoice
48,nserjeantson16,NULL,500,prepaid
49,rchisholm17,NULL,700,invoice
50,bbarwell18,NULL,1000,prepaid
51,vgresley19,NULL,1800,prepaid
52,tdunbleton1a,NULL,1700,invoice
53,igillicuddy1b,NULL,500,prepaid
54,gghidoli1c,NULL,1500,invoice
55,clusher1d,NULL,1500,prepaid
56,bferrettini1e,NULL,1100,prepaid
57,mlearoyd1f,NULL,900,invoice
58,cfurmenger1g,NULL,1400,prepaid
59,cmcturlough1h,NULL,1400,invoice
60,rsisland1i,NULL,900,prepaid
61,pgalilee1j,NULL,1100,prepaid
62,cwoodvine1k,NULL,2000,invoice
63,bmapstone1l,NULL,1300,prepaid
64,fbellew1m,NULL,1900,invoice
65,mkilbee1n,NULL,1900,prepaid
66,ltocque1o,NULL,1700,prepaid
67,aweymouth1p,NULL,1000,invoice
68,galoway1q,NULL,1500,prepaid
69,zdougal1r,NULL,1700,invoice
70,rgowrich1s,NULL,1100,prepaid
71,sgetsham1t,NULL,800,prepaid
72,dlynnitt1u,NULL,1000,invoice
73,mhuelin1v,NULL,900,prepaid
74,lwilkinson1w,NULL,2000,invoice
75,scattermull1x,NULL,900,prepaid
76,lnewport1y,NULL,900,prepaid
77,araysdale1z,NULL,1200,invoice
78,gmilvarnie20,NULL,800,prepaid
79,vmcnelis21,NULL,1000,invoice
80,eradbond22,NULL,1300,prepaid
81,fmoorwood23,NULL,1800,prepaid
82,mdugdale24,NULL,1400,invoice
83,dsummerrell25,NULL,2000,prepaid
84,ljouanot26,NULL,1200,invoice
85,gliversage27,NULL,1800,prepaid
86,lburgoine28,NULL,1700,prepaid
87,ltebbs29,NULL,500,invoice
88,tjessep2a,NULL,600,prepaid
89,rclaussen2b,NULL,1900,invoice
90,mraddin2c,NULL,2000,prepaid
91,mhindmore2d,NULL,1700,prepaid
92,fseilmann2e,NULL,1500,invoice
93,bwestley2f,NULL,700,prepaid
94,wschroter2g,NULL,1800,invoice
95,rstoute2h,NULL,1200,prepaid
96,dnoods2i,NULL,1200,prepaid
97,fodom2j,NULL,2000,invoice
98,dmassow2k,NULL,1300,prepaid
99,dengeham2l,NULL,500,invoice
100,krustan2m,NULL,500,prepaid
101,mkettley2n,NULL,1800,prepaid
102,ckybird2o,NULL,1200,invoice
103,cdunton2p,NULL,1700,prepaid
104,dstanners2q,NULL,700,invoice
105,sbener2r,NULL,1400,prepaid
106,drozier2s,NULL,600,prepaid
107,ggarron2t,NULL,600,invoice
108,gpullar2u,NULL,600,prepaid
109,bferrarini2v,NULL,1900,invoice
110,vburnie2w,NULL,1500,prepaid
111,lselman2x,NULL,1200,prepaid
112,sbosley2y,NULL,1300,invoice
113,astollenberg2z,NULL,600,prepaid
114,jhastler30,NULL,700,invoice
115,ggiacomazzo31,NULL,1000,prepaid
116,lforsdicke32,NULL,1500,prepaid
117,lferrieres33,NULL,800,invoice
118,oeisikowitch34,NULL,1400,prepaid
119,sclaasen35,NULL,2000,invoice
120,svankeev36,NULL,1000,prepaid
121,ldourin37,NULL,600,prepaid
122,ldowall38,NULL,900,invoice
123,cwagen39,NULL,2000,prepaid
124,jtatters3a,NULL,1900,invoice
125,elarmour3b,NULL,2000,prepaid
126,rimpey3c,NULL,1200,prepaid
127,hmckelvey3d,NULL,1900,invoice
128,gbeefon3e,NULL,1100,prepaid
129,blince3f,NULL,800,invoice
130,bbispo3g,NULL,1600,prepaid
131,hlucy3h,NULL,700,prepaid
132,ostollenberg3i,NULL,1300,invoice
133,dheater3j,NULL,2000,prepaid
134,hoscroft3k,NULL,500,invoice
135,jsharman3l,NULL,1200,prepaid
136,earchbold3m,NULL,2000,prepaid
137,gceaplen3n,NULL,1000,invoice
138,awallington3o,NULL,700,prepaid
139,ecraddock3p,NULL,600,invoice
140,cworsell3q,NULL,900,prepaid
141,msinderson3r,NULL,900,prepaid
142,jgrebbin3s,NULL,1800,invoice
143,aiacavone3t,NULL,1200,prepaid
144,mbalcon3u,NULL,2000,invoice
145,cocurran3v,NULL,1700,prepaid
146,ipaler3w,NULL,700,prepaid
147,nborgars3x,NULL,2000,invoice
148,bfoster3y,NULL,600,prepaid
149,mhaddleton3z,NULL,2000,invoice
150,bharraway40,NULL,1200,prepaid
151,klaminman41,NULL,1800,prepaid
152,tcullingford42,NULL,600,invoice
153,celgie43,NULL,600,prepaid
154,mbarnett44,NULL,1600,invoice
155,gturfus45,NULL,600,prepaid
156,phughson46,NULL,700,prepaid
157,tiannuzzelli47,NULL,700,invoice
158,triggeard48,NULL,1500,prepaid
159,dgrendon49,NULL,1400,invoice
160,aburkart4a,NULL,1600,prepaid
161,selliston4b,NULL,1800,prepaid
162,egarnsworthy4c,NULL,1400,invoice
163,nbester4d,NULL,1900,prepaid
164,sdaffey4e,NULL,900,invoice
165,aliptrot4f,NULL,1600,prepaid
166,tmaltster4g,NULL,500,prepaid
167,icalvie4h,NULL,1500,invoice
168,bfee4i,NULL,500,prepaid
169,ldottrell4j,NULL,700,invoice
170,kbonar4k,NULL,1000,prepaid
171,gsoles4l,NULL,1800,prepaid
172,scaswill4m,NULL,1700,invoice
173,amaypowder4n,NULL,1200,prepaid
174,hjozwiak4o,NULL,500,invoice
175,scowley4p,NULL,1800,prepaid
176,mgiscken4q,NULL,1500,prepaid
177,adutson4r,NULL,2000,invoice
178,ddevoiels4s,NULL,1300,prepaid
179,rbaldry4t,NULL,1300,invoice
180,rairey4u,NULL,1700,prepaid
181,lcandy4v,NULL,1000,prepaid
182,gkennally4w,NULL,1700,invoice
183,cganiford4x,NULL,900,prepaid
184,athowless4y,NULL,1700,invoice
185,scusack4z,NULL,1800,prepaid
186,rreolfo50,NULL,1700,prepaid
187,qhingeley51,NULL,1300,invoice
188,wcrisell52,NULL,800,prepaid
189,elowcock53,NULL,1800,invoice
190,ssenecaux54,NULL,500,prepaid
191,mbridell55,NULL,1500,prepaid
192,mpagen56,NULL,500,invoice
193,grodwell57,NULL,500,prepaid
194,zlearoyde58,NULL,1400,invoice
195,sitzak59,NULL,1800,prepaid
196,ljachtym5a,NULL,500,prepaid
197,ilowth5b,NULL,1500,invoice
198,dbeller5c,NULL,500,prepaid
199,nstrowthers5d,NULL,1800,invoice
200,bsparwell5e,NULL,1800,prepaid
201,kmont5f,NULL,500,prepaid
202,uhigounet5g,NULL,1200,invoice
203,bfreeburn5h,NULL,900,prepaid
204,lkubera5i,NULL,1400,invoice
205,mdadge5j,NULL,2000,prepaid
206,mviccars5k,NULL,2000,prepaid
207,myukhin5l,NULL,1600,invoice
208,dbutts5m,NULL,700,prepaid
209,mkarpman5n,NULL,1900,invoice
210,cpavolillo5o,NULL,2000,prepaid
211,sgregoletti5p,NULL,900,prepaid
212,chouseley5q,NULL,500,invoice
213,bmebius5r,NULL,700,prepaid
214,vperroni5s,NULL,600,invoice
215,wjiri5t,NULL,1300,prepaid
216,akleewein5u,NULL,1300,prepaid
217,cchooter5v,NULL,600,invoice
218,egaskoin5w,NULL,1800,prepaid
219,dlenahan5x,NULL,1800,invoice
220,lsmails5y,NULL,600,prepaid
221,gboylin5z,NULL,2000,prepaid
222,rromaines60,NULL,1300,invoice
223,xaxford61,NULL,1000,prepaid
224,agee62,NULL,1300,invoice
225,hseviour63,NULL,1600,prepaid
226,esargeant64,NULL,1800,prepaid
227,pblakeley65,NULL,1200,invoice
228,bailward66,NULL,1000,prepaid
229,sgiaomozzo67,NULL,1900,invoice
230,esmith68,NULL,1700,prepaid
231,fbrevitt69,NULL,900,prepaid
232,vbartolijn6a,NULL,1100,invoice
233,pelesander6b,NULL,600,prepaid
234,vfarrans6c,NULL,1000,invoice
235,acarbett6d,NULL,1000,prepaid
236,docassidy6e,NULL,1600,prepaid
237,smalkin6f,NULL,700,invoice
238,htwatt6g,NULL,1700,prepaid
239,hrapi6h,NULL,1500,invoice
240,ajanas6i,NULL,1300,prepaid
241,drain6j,NULL,1600,prepaid
242,hsheach6k,NULL,1700,invoice
243,tillingsworth6l,NULL,1800,prepaid
244,gjarley6m,NULL,2000,invoice
245,kcathrae6n,NULL,1800,prepaid
246,mseiler6o,NULL,1300,prepaid
247,kdeboo6p,NULL,1800,invoice
248,asleightholme6q,NULL,1100,prepaid
249,rsmalles6r,NULL,2000,invoice
250,fvaughton6s,NULL,1900,prepaid
251,odarton6t,NULL,1200,prepaid
252,aklugman6u,NULL,1900,invoice
253,brisborough6v,NULL,1300,prepaid
254,atimmis6w,NULL,1900,invoice
255,texrol6x,NULL,1400,prepaid
256,comullen6y,NULL,600,prepaid
257,ddick6z,NULL,1500,invoice
258,ncastelletto70,NULL,700,prepaid
259,chagwood71,NULL,900,invoice
260,rstoneman72,NULL,500,prepaid
261,dkittle73,NULL,900,prepaid
262,gcharopen74,NULL,1200,invoice
263,mdanielsen75,NULL,900,prepaid
264,cventam76,NULL,2000,invoice
265,fekell77,NULL,1500,prepaid
266,oblackmuir78,NULL,1500,prepaid
267,dgenner79,NULL,700,invoice
268,mlefevre7a,NULL,1700,prepaid
269,tkleinert7b,NULL,800,invoice
270,mcovert7c,NULL,2000,prepaid
271,hodo7d,NULL,1100,prepaid
272,cixor7e,NULL,1900,invoice
273,plightbowne7f,NULL,1800,prepaid
274,gturbefield7g,NULL,1800,invoice
275,igentle7h,NULL,1000,prepaid
276,sportinari7i,NULL,800,prepaid
277,cburdin7j,NULL,700,invoice
278,lrenison7k,NULL,1100,prepaid
279,acallum7l,NULL,1800,invoice
280,jmacgall7m,NULL,1200,prepaid
281,ffulmen7n,NULL,1400,prepaid
282,cdopson7o,NULL,800,invoice
283,dhusbands7p,NULL,1000,prepaid
284,ffarlow7q,NULL,600,invoice
285,ssallows7r,NULL,1600,prepaid
286,glockier7s,NULL,2000,prepaid
287,gkilgrew7t,NULL,1300,invoice
288,ccardwell7u,NULL,1600,prepaid
289,bballantyne7v,NULL,800,invoice
290,omott7w,NULL,900,prepaid
291,mbengtsen7x,NULL,1500,prepaid
292,nthunderchief7y,NULL,900,invoice
293,hshewan7z,NULL,700,prepaid
294,tternott80,NULL,500,invoice
295,aharnwell81,NULL,700,prepaid
296,gstillmann82,NULL,1700,prepaid
297,ldalgetty83,NULL,1500,invoice
298,dmailey84,NULL,1800,prepaid
299,kkennerknecht85,NULL,1900,invoice
300,kcary86,NULL,1400,prepaid
301,lmccosker87,NULL,800,prepaid
302,tcaustic88,NULL,800,invoice
303,apellatt89,NULL,600,prepaid
304,sarmin8a,NULL,1500,invoice
305,klacer8b,NULL,800,prepaid
306,fneiland8c,NULL,1300,prepaid
307,lbrenton8d,NULL,2000,invoice
308,lraith8e,NULL,1400,prepaid
309,bshelborne8f,NULL,1200,invoice
310,cknath8g,NULL,1300,prepaid
311,eaudas8h,NULL,900,prepaid
312,rfuidge8i,NULL,1300,invoice
313,jmorse8j,NULL,1000,prepaid
314,mredd8k,NULL,1300,invoice
315,nsonschein8l,NULL,1500,prepaid
316,ioshaughnessy8m,NULL,1400,prepaid
317,fbutrimovich8n,NULL,1000,invoice
318,kaxcel8o,NULL,1000,prepaid
319,msiebert8p,NULL,600,invoice
320,lblum8q,NULL,1800,prepaid
321,eranson8r,NULL,1400,prepaid
322,psinton8s,NULL,1400,invoice
323,btrillo8t,NULL,1400,prepaid
324,jdebanke8u,NULL,1100,invoice
325,wpottle8v,NULL,600,prepaid
326,cemsden8w,NULL,1200,prepaid
327,faland8x,NULL,1200,invoice
328,uschuricke8y,NULL,1600,prepaid
329,apillington8z,NULL,1600,invoice
330,aandriessen90,NULL,1400,prepaid
331,jgretham91,NULL,800,prepaid
332,sskain92,NULL,500,invoice
333,mfernley93,NULL,900,prepaid
334,ewharfe94,NULL,1400,invoice
335,vshelborne95,NULL,700,prepaid
336,hscutcheon96,NULL,1400,prepaid
337,lquenby97,NULL,1200,invoice
338,mswalwell98,NULL,1500,prepaid
339,rcarnilian99,NULL,2000,invoice
340,amark9a,NULL,1900,prepaid
341,phayhoe9b,NULL,800,prepaid
342,cfowley9c,NULL,1700,invoice
343,cjewell9d,NULL,1800,prepaid
344,jtapenden9e,NULL,700,invoice
345,aashbridge9f,NULL,1900,prepaid
346,nnapolione9g,NULL,800,prepaid
347,fgarmons9h,NULL,900,invoice
348,cwale9i,NULL,500,prepaid
349,mosburn9j,NULL,1300,invoice
350,bwoodison9k,NULL,1300,prepaid
351,ahatcliffe9l,NULL,700,prepaid
352,jsmallcomb9m,NULL,800,invoice
353,krookledge9n,NULL,1900,prepaid
354,estroyan9o,NULL,700,invoice
355,aredbourn9p,NULL,1300,prepaid
356,plangdridge9q,NULL,500,prepaid
357,dbrewett9r,NULL,600,invoice
358,ineeve9s,NULL,2000,prepaid
359,btaree9t,NULL,1500,invoice
360,dcarding9u,NULL,1000,prepaid
361,hmore9v,NULL,1200,prepaid
362,iemery9w,NULL,700,invoice
363,clindner9x,NULL,1900,prepaid
364,kcastledine9y,NULL,600,invoice
365,mmcclancy9z,NULL,1500,prepaid
366,rcossentinea0,NULL,1000,prepaid
367,lroylancea1,NULL,1900,invoice
368,ghaslinga2,NULL,500,prepaid
369,bshotbolta3,NULL,1500,invoice
370,cdemelta4,NULL,1800,prepaid
371,sbrandlia5,NULL,800,prepaid
372,bsimukova6,NULL,2000,invoice
373,edidomenicoa7,NULL,500,prepaid
374,ljollimana8,NULL,900,invoice
375,jkingscotea9,NULL,1400,prepaid
376,tloadaa,NULL,1400,prepaid
377,sdymottab,NULL,1000,invoice
378,gpicottac,NULL,1600,prepaid
379,enewarkad,NULL,800,invoice
380,glujanae,NULL,1900,prepaid
381,bbarneveldaf,NULL,500,prepaid
382,textillag,NULL,500,invoice
383,agabbattah,NULL,1000,prepaid
384,fzecchettiai,NULL,1800,invoice
385,alindebergaj,NULL,1800,prepaid
386,nnottleak,NULL,1100,prepaid
387,nstockellal,NULL,1000,invoice
388,bslatcheram,NULL,500,prepaid
389,emoorrudan,NULL,1400,invoice
390,rpaginao,NULL,1100,prepaid
391,smicheletap,NULL,1100,prepaid
392,lbyfieldaq,NULL,1100,invoice
393,jcoathupar,NULL,1100,prepaid
394,gyewenas,NULL,500,invoice
395,pfarleyat,NULL,1100,prepaid
396,sbreffittau,NULL,800,prepaid
397,gtaggartav,NULL,1400,invoice
398,alovattaw,NULL,1200,prepaid
399,acondyax,NULL,500,invoice
400,fbaddoeay,NULL,1200,prepaid
401,rbiestyaz,NULL,800,prepaid
402,cbirminghamb0,NULL,1400,invoice
403,clarmetb1,NULL,1300,prepaid
404,ebroughb2,NULL,700,invoice
405,nrobbertsb3,NULL,1400,prepaid
406,sdcruzeb4,NULL,1300,prepaid
407,jvinallb5,NULL,1800,invoice
408,fmoraledab6,NULL,800,prepaid
409,ovelezb7,NULL,1500,invoice
410,msugarsb8,NULL,1300,prepaid
411,mchuneyb9,NULL,500,prepaid
412,rchateba,NULL,1800,invoice
413,nsandcraftbb,NULL,2000,prepaid
414,gsiggerybc,NULL,1800,invoice
415,smoresidebd,NULL,1300,prepaid
416,ctomasinobe,NULL,900,prepaid
417,rtalbotbf,NULL,1600,invoice
418,mcluetbg,NULL,900,prepaid
419,ghardwickbh,NULL,1700,invoice
420,sashleighbi,NULL,1300,prepaid
421,atukesbybj,NULL,2000,prepaid
422,awinkellbk,NULL,1600,invoice
423,aclenchbl,NULL,1400,prepaid
424,lbenbrickbm,NULL,1400,invoice
425,ifidoebn,NULL,1100,prepaid
426,syvonbo,NULL,1500,prepaid
427,aheadrickbp,NULL,1300,invoice
428,nstrickbq,NULL,1200,prepaid
429,escarffebr,NULL,600,invoice
430,nbrahmerbs,NULL,600,prepaid
431,ttemlettbt,NULL,900,prepaid
432,achapirobu,NULL,500,invoice
433,jhumbybv,NULL,1500,prepaid
434,arattbw,NULL,1700,invoice
435,sdenningbx,NULL,1300,prepaid
436,aheartby,NULL,1700,prepaid
437,ksheachbz,NULL,900,invoice
438,kdenisyevc0,NULL,1800,prepaid
439,prandalesc1,NULL,1800,invoice
440,bbeckersc2,NULL,1200,prepaid
441,mmitkinc3,NULL,1600,prepaid
442,hbrennekec4,NULL,700,invoice
443,alitzmannc5,NULL,1000,prepaid
444,rharkc6,NULL,800,invoice
445,kjobec7,NULL,1500,prepaid
446,wmedwellc8,NULL,500,prepaid
447,mboeterc9,NULL,1300,invoice
448,ghallowsca,NULL,1500,prepaid
449,scantocb,NULL,800,invoice
450,cgranthamcc,NULL,1100,prepaid
451,tbroadbearcd,NULL,1600,prepaid
452,wshepleyce,NULL,1800,invoice
453,akimblencf,NULL,1300,prepaid
454,udomenicicg,NULL,1100,invoice
455,hpaultonch,NULL,1300,prepaid
456,tridsdoleci,NULL,1100,prepaid
457,bsergeantcj,NULL,500,invoice
458,bjuraszck,NULL,1700,prepaid
459,slaurencotcl,NULL,1500,invoice
460,hgerrettcm,NULL,1900,prepaid
461,hwinthropcn,NULL,700,prepaid
462,jblooreco,NULL,800,invoice
463,rchattcp,NULL,1900,prepaid
464,wblackmuircq,NULL,2000,invoice
465,hmathiasencr,NULL,1900,prepaid
466,dmarusyakcs,NULL,1300,prepaid
467,dfrillct,NULL,900,invoice
468,fdunstercu,NULL,900,prepaid
469,wferoncv,NULL,1900,invoice
470,mdellecw,NULL,1600,prepaid
471,dbressoncx,NULL,1900,prepaid
472,dfantecy,NULL,1000,invoice
473,jdishmancz,NULL,1900,prepaid
474,pridgewayd0,NULL,1800,invoice
475,fmacgiollapheadaird1,NULL,1400,prepaid
476,adrayd2,NULL,1800,prepaid
477,rsculleyd3,NULL,1500,invoice
478,aboycottd4,NULL,1300,prepaid
479,mcarletond5,NULL,800,invoice
480,jadanetd6,NULL,1300,prepaid
481,rheadingtond7,NULL,1000,prepaid
482,mfranceschd8,NULL,1400,invoice
483,sallumd9,NULL,1900,prepaid
484,smiddiffda,NULL,600,invoice
485,acastledb,NULL,600,prepaid
486,azecchinellidc,NULL,2000,prepaid
487,jgierardidd,NULL,1800,invoice
488,cclinkardde,NULL,800,prepaid
489,jjoiceydf,NULL,2000,invoice
490,hameydg,NULL,600,prepaid
491,mfransesdh,NULL,1600,prepaid
492,cdoulldi,NULL,1400,invoice
493,mhushdj,NULL,1100,prepaid
494,afalksdk,NULL,900,invoice
495,bmecozzidl,NULL,1700,prepaid
496,earrelldm,NULL,1300,prepaid
497,fwilcockesdn,NULL,1200,invoice
498,abachmanndo,NULL,500,prepaid
499,tmccaffreydp,NULL,1800,invoice
500,epetkovicdq,NULL,700,prepaid
501,aturforddr,NULL,1000,prepaid
502,mgyenesds,NULL,500,invoice
503,eizattdt,NULL,600,prepaid
504,dwithringtondu,NULL,500,invoice
505,rigoedv,NULL,1000,prepaid
506,kmethamdw,NULL,1200,prepaid
507,hsladedx,NULL,1900,invoice
508,ibargedy,NULL,900,prepaid
509,jcoldridgedz,NULL,900,invoice
510,gburgone0,NULL,2000,prepaid
511,kmitchelsone1,NULL,900,prepaid
512,dellyatte2,NULL,1200,invoice
513,cmitchame3,NULL,900,prepaid
514,koherne4,NULL,1300,invoice
515,gsumblere5,NULL,1700,prepaid
516,aandriche6,NULL,900,prepaid
517,wpearcee7,NULL,2000,invoice
518,bgiacopettie8,NULL,700,prepaid
519,ncuele9,NULL,1000,invoice
520,ghonywillea,NULL,1400,prepaid
521,bkleinereb,NULL,1000,prepaid
522,kelenerec,NULL,800,invoice
523,kdecavilleed,NULL,1100,prepaid
524,edmitree,NULL,600,invoice
525,dramsteadef,NULL,1600,prepaid
526,rmccaugheyeg,NULL,1300,prepaid
527,bdavauxeh,NULL,1100,invoice
528,gwarstallei,NULL,700,prepaid
529,gbollansej,NULL,2000,invoice
530,adoogoodek,NULL,1300,prepaid
531,pborgesioel,NULL,1000,prepaid
532,vfrankesem,NULL,600,invoice
533,dlomasnyen,NULL,1600,prepaid
534,hjannyeo,NULL,1800,invoice
535,ystrattanep,NULL,900,prepaid
536,wclereeq,NULL,800,prepaid
537,wgarnhamer,NULL,1700,invoice
538,handreaes,NULL,1800,prepaid
539,ccultchethet,NULL,1300,invoice
540,vnelisseneu,NULL,600,prepaid
541,rhousecroftev,NULL,1400,prepaid
542,rdrissellew,NULL,1400,invoice
543,wthundersex,NULL,1800,prepaid
544,lomannioney,NULL,1100,invoice
545,gavesonez,NULL,1800,prepaid
546,astirrupf0,NULL,1400,prepaid
547,fbarnewellf1,NULL,1000,invoice
548,efitzsimonf2,NULL,600,prepaid
549,rhasluckf3,NULL,2000,invoice
550,eklainf4,NULL,700,prepaid
551,dtrasef5,NULL,1700,prepaid
552,cgeeref6,NULL,1400,invoice
553,mgyef7,NULL,1900,prepaid
554,cfarlambef8,NULL,1300,invoice
555,cbrandrickf9,NULL,1200,prepaid
556,bingolottifa,NULL,1900,prepaid
557,taitkenfb,NULL,1000,invoice
558,aknowlmanfc,NULL,900,prepaid
559,mtethcotefd,NULL,1400,invoice
560,bphiferfe,NULL,600,prepaid
561,thillingff,NULL,500,prepaid
562,hdounbarefg,NULL,1800,invoice
563,rmiguelfh,NULL,700,prepaid
564,asangofi,NULL,1700,invoice
565,krzehorfj,NULL,500,prepaid
566,kallcottfk,NULL,1000,prepaid
567,spetrollifl,NULL,600,invoice
568,kmayceyfm,NULL,800,prepaid
569,aduxbarryfn,NULL,1900,invoice
570,gbilliardfo,NULL,900,prepaid
571,htewkesburyfp,NULL,500,prepaid
572,flickessfq,NULL,1000,invoice
573,csnaryfr,NULL,1000,prepaid
574,pkingslandfs,NULL,2000,invoice
575,eberndtssonft,NULL,600,prepaid
576,kcastanfu,NULL,1900,prepaid
577,lchoatfv,NULL,600,invoice
578,ojosofovitzfw,NULL,1400,prepaid
579,oglennonfx,NULL,1900,invoice
580,bboornfy,NULL,800,prepaid
581,jambroisefz,NULL,800,prepaid
582,mprattyg0,NULL,1000,invoice
583,jstonehewerg1,NULL,1300,prepaid
584,abromwichg2,NULL,700,invoice
585,hgallacciog3,NULL,600,prepaid
586,wiacopettig4,NULL,2000,prepaid
587,handreuttig5,NULL,1600,invoice
588,bhunnawillg6,NULL,1400,prepaid
589,khillingg7,NULL,1100,invoice
590,dsnoddeng8,NULL,1200,prepaid
591,sbarenseng9,NULL,1400,prepaid
592,sstillga,NULL,1200,invoice
593,ekordasgb,NULL,1500,prepaid
594,lbranneygc,NULL,1400,invoice
595,lpapaminasgd,NULL,600,prepaid
596,vbadcockge,NULL,1300,prepaid
597,ccuttlesgf,NULL,500,invoice
598,ninglefieldgg,NULL,1000,prepaid
599,rlauridsengh,NULL,1800,invoice
600,sdoolygi,NULL,1100,prepaid
601,pbrackpoolgj,NULL,600,prepaid
602,gchopingk,NULL,700,invoice
603,ahanleygl,NULL,1100,prepaid
604,amacalpingm,NULL,1300,invoice
605,acoatmangn,NULL,1200,prepaid
606,econnikiego,NULL,1400,prepaid
607,rjoinergp,NULL,2000,invoice
608,gboutchergq,NULL,800,prepaid
609,bchampaingr,NULL,1700,invoice
610,halanbrookegs,NULL,1600,prepaid
611,mmcharggt,NULL,1100,prepaid
612,cswynegu,NULL,1300,invoice
613,gpearlegv,NULL,1800,prepaid
614,lfackrellgw,NULL,1700,invoice
615,wdootsongx,NULL,1600,prepaid
616,grumseygy,NULL,1600,prepaid
617,lvitlergz,NULL,800,invoice
618,wivellh0,NULL,1400,prepaid
619,bbenesevichh1,NULL,1800,invoice
620,vlaphornh2,NULL,1600,prepaid
621,csoameh3,NULL,1000,prepaid
622,rhanscomh4,NULL,1700,invoice
623,pandrissh5,NULL,1800,prepaid
624,slillgardh6,NULL,600,invoice
625,emenath7,NULL,800,prepaid
626,isquirrellh8,NULL,1300,prepaid
627,jparrinh9,NULL,1300,invoice
628,qaldermanha,NULL,1400,prepaid
629,mtarneyhb,NULL,1100,invoice
630,olilianhc,NULL,2000,prepaid
631,mliddallhd,NULL,1100,prepaid
632,lhaweshe,NULL,800,invoice
633,cchesselhf,NULL,900,prepaid
634,ateressehg,NULL,800,invoice
635,acowlandhh,NULL,1200,prepaid
636,pitzaksonhi,NULL,1400,prepaid
637,isiveyerhj,NULL,700,invoice
638,bconnowhk,NULL,1100,prepaid
639,ibotcherbyhl,NULL,2000,invoice
640,vkeyzorhm,NULL,700,prepaid
641,egiraudouhn,NULL,1800,prepaid
642,ajunkinsonho,NULL,1400,invoice
643,wsackeshp,NULL,1700,prepaid
644,mmertelhq,NULL,1400,invoice
645,bpolleyehr,NULL,1200,prepaid
646,vscawnhs,NULL,1400,prepaid
647,bheinight,NULL,1400,invoice
648,rmithunhu,NULL,1300,prepaid
649,vlondesboroughhv,NULL,1600,invoice
650,dgerrelthw,NULL,700,prepaid
651,vwinfindalehx,NULL,500,prepaid
652,bborsnallhy,NULL,1200,invoice
653,splumptrehz,NULL,600,prepaid
654,mkyndredi0,NULL,1600,invoice
655,rcrocombei1,NULL,800,prepaid
656,jdidballi2,NULL,700,prepaid
657,lolmani3,NULL,1100,invoice
658,esheehyi4,NULL,900,prepaid
659,bkopeckai5,NULL,1500,invoice
660,rswepsoni6,NULL,1300,prepaid
661,hbifieldi7,NULL,1100,prepaid
662,gmullyi8,NULL,1300,invoice
663,chuishi9,NULL,1600,prepaid
664,opohlia,NULL,500,invoice
665,frivenzonib,NULL,1100,prepaid
666,paddamsic,NULL,600,prepaid
667,mmallanid,NULL,1700,invoice
668,jislandie,NULL,800,prepaid
669,bsimecekif,NULL,1000,invoice
670,lthornewillig,NULL,1400,prepaid
671,kosirinih,NULL,1100,prepaid
672,esowersbyii,NULL,600,invoice
673,afeltoeij,NULL,1400,prepaid
674,gmellingik,NULL,1600,invoice
675,acoilsil,NULL,500,prepaid
676,ggalliverim,NULL,900,prepaid
677,dbridellin,NULL,1100,invoice
678,cflowithio,NULL,1500,prepaid
679,ecaddieip,NULL,900,invoice
680,kentissleiq,NULL,2000,prepaid
681,eliddallir,NULL,1800,prepaid
682,sgureryis,NULL,500,invoice
683,tdecleyneit,NULL,1200,prepaid
684,tcapnoriu,NULL,1600,invoice
685,rgoadbieiv,NULL,1400,prepaid
686,bdoggartiw,NULL,1800,prepaid
687,arafteryix,NULL,1600,invoice
688,tbollomiy,NULL,900,prepaid
689,adicteiz,NULL,600,invoice
690,kdwelleyj0,NULL,1200,prepaid
691,vsehorschj1,NULL,1700,prepaid
692,krosendalej2,NULL,500,invoice
693,mwilkowskij3,NULL,1200,prepaid
694,nhakej4,NULL,700,invoice
695,ddwellyj5,NULL,1900,prepaid
696,mbreadj6,NULL,1300,prepaid
697,jwedmorej7,NULL,1600,invoice
698,mrubinchikj8,NULL,1400,prepaid
699,rsprittj9,NULL,800,invoice
700,sbortolussija,NULL,1500,prepaid
701,ksommerledjb,NULL,500,prepaid
702,acassarjc,NULL,1600,invoice
703,hsidsaffjd,NULL,1300,prepaid
704,kedmettje,NULL,700,invoice
705,sfibbingsjf,NULL,1200,prepaid
706,aocurneenjg,NULL,1300,prepaid
707,lcohrsjh,NULL,600,invoice
708,jvanderstraatenji,NULL,1300,prepaid
709,gsemberjj,NULL,2000,invoice
710,jgarrowayjk,NULL,500,prepaid
711,jspongjl,NULL,1200,prepaid
712,taffronjm,NULL,500,invoice
713,zbreakspearjn,NULL,1700,prepaid
714,boduilleainjo,NULL,1200,invoice
715,pcunnahjp,NULL,900,prepaid
716,glongjq,NULL,1400,prepaid
717,mhabbaljr,NULL,500,invoice
718,rdaffornejs,NULL,1100,prepaid
719,sralestonejt,NULL,1900,invoice
720,cgourlieju,NULL,1400,prepaid
721,thockingjv,NULL,1300,prepaid
722,cswanjw,NULL,500,invoice
723,harendjx,NULL,1400,prepaid
724,lmckiddinjy,NULL,1400,invoice
725,lschoenrockjz,NULL,1200,prepaid
726,dsambrookk0,NULL,1800,prepaid
727,pjellettk1,NULL,1200,invoice
728,bpinchingk2,NULL,1300,prepaid
729,tspieghtk3,NULL,700,invoice
730,ktebbuttk4,NULL,600,prepaid
731,agemlettk5,NULL,1700,prepaid
732,mknobellk6,NULL,700,invoice
733,aellsworthek7,NULL,900,prepaid
734,jpanask8,NULL,800,invoice
735,trotchellk9,NULL,800,prepaid
736,mheighoka,NULL,1700,prepaid
737,elabounekb,NULL,2000,invoice
738,sbarrkc,NULL,500,prepaid
739,jbarleykd,NULL,700,invoice
740,klatteyke,NULL,1800,prepaid
741,jconradkf,NULL,1600,prepaid
742,lantonuttikg,NULL,1100,invoice
743,kklimkowskikh,NULL,1400,prepaid
744,mplinckki,NULL,1600,invoice
745,gbolliverkj,NULL,1700,prepaid
746,fyarrkk,NULL,500,prepaid
747,mwigelsworthkl,NULL,1300,invoice
748,ogilmankm,NULL,600,prepaid
749,edallistonkn,NULL,1700,invoice
750,aalpineko,NULL,1700,prepaid
751,ashevellkp,NULL,1100,prepaid
752,cdallakq,NULL,1400,invoice
753,mkasperkr,NULL,2000,prepaid
754,dvickarks,NULL,1600,invoice
755,dkinetonkt,NULL,1100,prepaid
756,asunnerku,NULL,1000,prepaid
757,karonkv,NULL,500,invoice
758,mascroftekw,NULL,700,prepaid
759,ddurgankx,NULL,1800,invoice
760,ktatumky,NULL,800,prepaid
761,jtatekz,NULL,1100,prepaid
762,aescolmel0,NULL,1000,invoice
763,fcunnahl1,NULL,1500,prepaid
764,eblackboroughl2,NULL,1100,invoice
765,dcubittl3,NULL,1600,prepaid
766,nchaffenl4,NULL,1900,prepaid
767,rbeswetherickl5,NULL,600,invoice
768,hjudgkinsl6,NULL,900,prepaid
769,gcadoganl7,NULL,500,invoice
770,ahiggonetl8,NULL,1800,prepaid
771,abenjefieldl9,NULL,1700,prepaid
772,jfollanla,NULL,2000,invoice
773,abakewelllb,NULL,1300,prepaid
774,obittlesonlc,NULL,1000,invoice
775,sgreensteadld,NULL,1800,prepaid
776,talnerle,NULL,1700,prepaid
777,kfearfulllf,NULL,1400,invoice
778,zhoulworthlg,NULL,1600,prepaid
779,emacksteadlh,NULL,1500,invoice
780,bdoumerli,NULL,1200,prepaid
781,egissoplj,NULL,1700,prepaid
782,bkleinlererlk,NULL,700,invoice
783,twallworkell,NULL,1600,prepaid
784,cpabellm,NULL,900,invoice
785,hmulryanln,NULL,2000,prepaid
786,cbewshealo,NULL,900,prepaid
787,kyakubovicslp,NULL,1500,invoice
788,femmattlq,NULL,1900,prepaid
789,vworstalllr,NULL,2000,invoice
790,jlylels,NULL,500,prepaid
791,vcruslt,NULL,1100,prepaid
792,sbarenskilu,NULL,1400,invoice
793,rmarjotlv,NULL,2000,prepaid
794,tmeecherlw,NULL,1500,invoice
795,esaytonlx,NULL,1500,prepaid
796,ystellily,NULL,700,prepaid
797,hafieldlz,NULL,800,invoice
798,pocrevym0,NULL,1100,prepaid
799,mlidstonem1,NULL,1300,invoice
800,pbalaisotm2,NULL,1500,prepaid
801,jrandsm3,NULL,1800,prepaid
802,gblanchflowerm4,NULL,500,invoice
803,chayhurstm5,NULL,1000,prepaid
804,jhuftonm6,NULL,1600,invoice
805,itonnam7,NULL,1900,prepaid
806,sjorgensenm8,NULL,1500,prepaid
807,ccalladinem9,NULL,1100,invoice
808,dpulleyma,NULL,900,prepaid
809,cseallymb,NULL,600,invoice
810,cferrigemc,NULL,1800,prepaid
811,fbonassmd,NULL,1600,prepaid
812,fkilbyme,NULL,500,invoice
813,srotherforthmf,NULL,1700,prepaid
814,sbielefeldmg,NULL,1000,invoice
815,lstubbinmh,NULL,700,prepaid
816,rcostinmi,NULL,1700,prepaid
817,fbranscombemj,NULL,1300,invoice
818,bcropmk,NULL,600,prepaid
819,dmanterfieldml,NULL,1800,invoice
820,crotterymm,NULL,1700,prepaid
821,lwillishiremn,NULL,1200,prepaid
822,ebirkinmo,NULL,700,invoice
823,aapsmp,NULL,500,prepaid
824,estarkeymq,NULL,1800,invoice
825,drankenmr,NULL,1000,prepaid
826,vmeccoms,NULL,1500,prepaid
827,mcolvillmt,NULL,1000,invoice
828,kmacalastermu,NULL,1700,prepaid
829,tmcadammv,NULL,1200,invoice
830,jduggenmw,NULL,1400,prepaid
831,cbramhammx,NULL,800,prepaid
832,hstonebanksmy,NULL,2000,invoice
833,ddobbymz,NULL,1400,prepaid
834,mbeethamn0,NULL,800,invoice
835,ckroppn1,NULL,2000,prepaid
836,bbysouthn2,NULL,1900,prepaid
837,mmalamoren3,NULL,1200,invoice
838,mbesten4,NULL,1600,prepaid
839,cbibbn5,NULL,1400,invoice
840,okentn6,NULL,1400,prepaid
841,aceschinin7,NULL,1100,prepaid
842,rbartolommeon8,NULL,1600,invoice
843,mtrenearn9,NULL,600,prepaid
844,ilahertyna,NULL,1300,invoice
845,acradicknb,NULL,1300,prepaid
846,lfareync,NULL,1700,prepaid
847,khaggertynd,NULL,1600,invoice
848,rsallierene,NULL,500,prepaid
849,mhazleynf,NULL,600,invoice
850,mroskellng,NULL,1000,prepaid
851,cfurssenh,NULL,1400,prepaid
852,lmealeni,NULL,2000,invoice
853,mwardropenj,NULL,1700,prepaid
854,vnowicknk,NULL,1100,invoice
855,jrosekillynl,NULL,1900,prepaid
856,edarternm,NULL,1900,prepaid
857,fdubocknn,NULL,1300,invoice
858,gtreadgoldno,NULL,900,prepaid
859,dblannnp,NULL,1200,invoice
860,aginnalynq,NULL,600,prepaid
861,ihappelnr,NULL,1100,prepaid
862,wcaneyns,NULL,1000,invoice
863,cmacynt,NULL,1800,prepaid
864,ctombsnu,NULL,1800,invoice
865,rtroreynv,NULL,1900,prepaid
866,lclaitonnw,NULL,700,prepaid
867,mtodnx,NULL,1800,invoice
868,ltennyny,NULL,1400,prepaid
869,dwaleworknz,NULL,800,invoice
870,fmeadowcrafto0,NULL,1400,prepaid
871,apaydono1,NULL,500,prepaid
872,dinsoleo2,NULL,600,invoice
873,deverillo3,NULL,1800,prepaid
874,mdoerrlingo4,NULL,1800,invoice
875,ebeeckero5,NULL,1400,prepaid
876,ocowlamo6,NULL,1200,prepaid
877,raldricho7,NULL,1200,invoice
878,hzimmermano8,NULL,800,prepaid
879,bjoyneso9,NULL,1600,invoice
880,lgibbiesonoa,NULL,1000,prepaid
881,rdenajeraob,NULL,1500,prepaid
882,jcholtonoc,NULL,1600,invoice
883,kforreod,NULL,1000,prepaid
884,csheereoe,NULL,1400,invoice
885,squinof,NULL,1400,prepaid
886,mmccourtog,NULL,700,prepaid
887,jfriattoh,NULL,1900,invoice
888,ceadieoi,NULL,1600,prepaid
889,kbartheletoj,NULL,1100,invoice
890,sgodwinok,NULL,1200,prepaid
891,achastangol,NULL,1700,prepaid
892,choyesom,NULL,1700,invoice
893,swallickeron,NULL,1200,prepaid
894,cradinoo,NULL,800,invoice
895,crevieop,NULL,1500,prepaid
896,iblakewayoq,NULL,2000,prepaid
897,msutherlandor,NULL,2000,invoice
898,amuatos,NULL,1900,prepaid
899,rgiorgioniot,NULL,500,invoice
900,mbreedyou,NULL,1400,prepaid
901,thuggettov,NULL,1700,prepaid
902,svanoordow,NULL,1400,invoice
903,tborgarsox,NULL,500,prepaid
904,bshewryoy,NULL,1800,invoice
905,mpechacekoz,NULL,700,prepaid
906,ccopesp0,NULL,1300,prepaid
907,dkingp1,NULL,1900,invoice
908,aweavingp2,NULL,900,prepaid
909,rgoardp3,NULL,1300,invoice
910,obittlestonep4,NULL,1900,prepaid
911,rleonardep5,NULL,700,prepaid
912,eoaklyp6,NULL,600,invoice
913,sgilyottp7,NULL,900,prepaid
914,cwellesleyp8,NULL,1300,invoice
915,drubelp9,NULL,900,prepaid
916,rbedellspa,NULL,1200,prepaid
917,squaltropb,NULL,1000,invoice
918,deptonpc,NULL,2000,prepaid
919,rleetepd,NULL,600,invoice
920,emeaspe,NULL,1800,prepaid
921,mdruhanpf,NULL,700,prepaid
922,ljexpg,NULL,1000,invoice
923,rsoggeeph,NULL,1000,prepaid
924,gjohnkepi,NULL,800,invoice
925,ckeyespj,NULL,700,prepaid
926,dbrownsillpk,NULL,1300,prepaid
927,smakerpl,NULL,1100,invoice
928,ncarlickpm,NULL,1400,prepaid
929,cweylandpn,NULL,500,invoice
930,ndecourtneypo,NULL,2000,prepaid
931,pschistlpp,NULL,1300,prepaid
932,alocklesspq,NULL,1700,invoice
933,dhuskepr,NULL,1700,prepaid
934,lschaferps,NULL,1300,invoice
935,gbrindedpt,NULL,2000,prepaid
936,imeffinpu,NULL,1000,prepaid
937,ablankingpv,NULL,1200,invoice
938,aarthargpw,NULL,1400,prepaid
939,rlitchmorepx,NULL,600,invoice
940,mmularkeypy,NULL,1400,prepaid
941,tclaremontpz,NULL,1500,prepaid
942,elambkinq0,NULL,1800,invoice
943,jpardyq1,NULL,1300,prepaid
944,dchristophleq2,NULL,1600,invoice
945,besposiq3,NULL,1800,prepaid
946,fcleimentq4,NULL,1700,prepaid
947,vfarfootq5,NULL,1400,invoice
948,lnapthineq6,NULL,900,prepaid
949,iburrasq7,NULL,1900,invoice
950,areefq8,NULL,1600,prepaid
951,mseatonq9,NULL,1900,prepaid
952,dcomoqa,NULL,1000,invoice
953,iklampqb,NULL,1700,prepaid
954,gcarenqc,NULL,700,invoice
955,bdurbannqd,NULL,1100,prepaid
956,rminetqe,NULL,1100,prepaid
957,kantczakqf,NULL,1400,invoice
958,bwipflerqg,NULL,1700,prepaid
959,cbibeyqh,NULL,1600,invoice
960,hhandlingqi,NULL,500,prepaid
961,grootqj,NULL,800,prepaid
962,epavlovskyqk,NULL,1900,invoice
963,enorssisterql,NULL,1800,prepaid
964,sriddelqm,NULL,1900,invoice
965,bramsdaleqn,NULL,1500,prepaid
966,mcollardqo,NULL,1500,prepaid
967,lsirrqp,NULL,1400,invoice
968,oisabellqq,NULL,700,prepaid
969,callawayqr,NULL,2000,invoice
970,cvickqs,NULL,2000,prepaid
971,ncattonnetqt,NULL,1700,prepaid
972,pstiegarsqu,NULL,1800,invoice
973,mfellowesqv,NULL,2000,prepaid
974,fcorpsqw,NULL,1300,invoice
975,mdewittqx,NULL,1800,prepaid
976,tgillcristqy,NULL,1600,prepaid
977,cyurchenkoqz,NULL,1300,invoice
978,igreddenr0,NULL,1600,prepaid
979,mohalliganr1,NULL,1200,invoice
980,gsebyerr2,NULL,1700,prepaid
981,tbartler3,NULL,700,prepaid
982,ishillabearer4,NULL,1800,invoice
983,rbulgenr5,NULL,1700,prepaid
984,ahaselwoodr6,NULL,1600,invoice
985,srustichr7,NULL,500,prepaid
986,cmedhurstr8,NULL,1800,prepaid
987,ksadatr9,NULL,2000,invoice
988,estanneyra,NULL,2000,prepaid
989,tsiretrb,NULL,1900,invoice
990,dpawlowiczrc,NULL,1900,prepaid
991,kchaserd,NULL,1200,prepaid
992,tpettipherre,NULL,900,invoice
993,sdykinsrf,NULL,700,prepaid
994,apatkinrg,NULL,700,invoice
995,mpriderh,NULL,1800,prepaid
996,qdeliari,NULL,700,prepaid
997,ascorahrj,NULL,1900,invoice
998,alystonrk,NULL,700,prepaid
999,asimonettorl,NULL,1300,invoice
1000,uduffittrm,NULL,500,prepaid
